{
  "attribute": {
    "precision": 1.0,
    "recall": 0.5,
    "f1-score": 0.6666666666666666,
    "support": 2,
    "confused_with": {}
  },
  "disease": {
    "precision": 0.5,
    "recall": 1.0,
    "f1-score": 0.6666666666666666,
    "support": 1,
    "confused_with": {}
  },
  "micro avg": {
    "precision": 0.6666666666666666,
    "recall": 0.6666666666666666,
    "f1-score": 0.6666666666666666,
    "support": 3
  },
  "macro avg": {
    "precision": 0.75,
    "recall": 0.75,
    "f1-score": 0.6666666666666666,
    "support": 3
  },
  "weighted avg": {
    "precision": 0.8333333333333334,
    "recall": 0.6666666666666666,
    "f1-score": 0.6666666666666666,
    "support": 3
  },
  "accuracy": 0.9523809523809523
}