{
  "object_type": {
    "precision": 1.0,
    "recall": 1.0,
    "f1-score": 1.0,
    "support": 3,
    "confused_with": {}
  },
  "disease": {
    "precision": 0.9,
    "recall": 1.0,
    "f1-score": 0.9473684210526316,
    "support": 9,
    "confused_with": {}
  },
  "attribute": {
    "precision": 1.0,
    "recall": 1.0,
    "f1-score": 1.0,
    "support": 10,
    "confused_with": {}
  },
  "micro avg": {
    "precision": 0.9565217391304348,
    "recall": 1.0,
    "f1-score": 0.9777777777777777,
    "support": 22
  },
  "macro avg": {
    "precision": 0.9666666666666667,
    "recall": 1.0,
    "f1-score": 0.9824561403508772,
    "support": 22
  },
  "weighted avg": {
    "precision": 0.9590909090909091,
    "recall": 1.0,
    "f1-score": 0.9784688995215312,
    "support": 22
  },
  "accuracy": 0.9976415094339622
}