{
  "config": [
    [
      0.483994708994709,
      0.4847222222222222,
      0.4583333333333333,
      0.35833333333333334
    ],
    [
      0.7190972222222222,
      0.7913194444444444,
      0.6694444444444444,
      0.6571428571428571
    ],
    [
      0.7190972222222222,
      0.7913194444444444,
      0.6694444444444444,
      0.6571428571428571
    ]
  ],
  "config2": [
    [
      0.4776106934001671,
      0.43353174603174605,
      0.406578947368421,
      0.45416666666666666
    ],
    [
      0.7635416666666667,
      0.7246527777777777,
      0.6888888888888888,
      0.6071428571428571
    ],
    [
      0.7635416666666667,
      0.7246527777777777,
      0.6888888888888888,
      0.6071428571428571
    ]
  ]
}